;simple;consensus;uniqueid_nf
1;41bb;tnfrsf9;181
2;tnfrsf9;tnfrsf9;181
3;cd137;tnfrsf9;181
4;41bbl;tnfsf9;386
5;tnfsf9;tnfsf9;386
6;5nt;nt5e;240
7;cd73;nt5e;240
8;6ckine;ccl21;307
9;ccl21;ccl21;307
10;exodus2;ccl21;307
11;adiponectin;adipoq;398
12;acrp30;adipoq;398
13;adipsin;cfd;84
14;factord;cfd;84
15;agrp;agrp;6
16;art;agrp;6
17;alcam;alcam;11
18;cd166;alcam;11
19;aldehydedehydrogenase1a1;aldh1a1;12
20;aldh1a1;aldh1a1;12
21;alphafetoprotein;afp;3
22;afp;afp;3
23;alphanacetylglucosaminidase;ufhsd;234
24;naglu;naglu;234
25;angiopoietinlikeprotein3;angptl3;438
26;angptl3;angptl3;438
27;angiopoietinlikeprotein4;angptl4;446
28;angptl4;angptl4;446
29;angiopoietinlikeprotein6;angptl6;469
30;angptl6;angptl6;469
31;angiostatin;iglc4;157
32;kringle;iglc4;157
33;april;tnfsf13;383
34;tnfsf13;tnfsf13;383
35;b7h2;icoslg;425
36;icosl;icoslg;425
37;b7h3;cd276;467
38;cd276;cd276;467
39;b7h4;vtcn1;462
40;vtcn1;vtcn1;462
41;b7h5;vsir;459
42;vista;vsir;459
43;baff;tnfsf13b;417
44;blys;tnfsf13b;417
45;tnfsf13b;tnfsf13b;417
46;bca1;cxcl13;411
47;cxcl13;cxcl13;411
48;bcma;tnfrsf17;34
49;tnfrsf17;tnfrsf17;34
50;brak;cxcl14;400
51;cxcl14;cxcl14;400
52;ca125;muc16;474
53;muc16;muc16;474
54;ca153;muc1;233
55;muc1;muc1;233
56;carbonicanhydraseix;ca9;48
57;ca9;ca9;48
58;ccl1;ccl1;291
59;i309;ccl1;291
60;tca3;ccl1;291
61;ccl11;ccl11;298
62;eotaxin;ccl11;298
63;ccl13;ccl13;299
64;mcp4;ccl13;299
65;ccl14;ccl14;300
66;hcc1;ccl14;300
67;hcc3;ccl14;300
68;ccl15;ccl15;301
69;mip1delta;mip1d;301
70;ccl17;ccl17;303
71;tarc;ccl17;303
72;ccl18;ccl18;304
73;parc;ccl18;304
74;ccl19;ccl19;305
75;mip3beta;ccl19;305
76;ccl2;ccl2;292
77;je;ccl2;292
78;mcp1;ccl2;292
79;ccl20;mip3a;306
80;mip3alpha;mip3a;306
81;ccl22;ccl22;308
82;mdc;ccl22;308
83;ccl23;ccl23;309
84;mpif1;ccl23;309
85;ccl24;ccl24;310
86;eotaxin2;ccl24;310
87;mpif2;ccl24;310
88;ccl25;ccl25;311
89;teck;ccl25;311
90;ccl26;ccl26;406
91;eotaxin3;ccl26;406
92;ccl27;ccl27;418
93;ctack;ccl27;418
94;ccl3;ccl3;293
95;mip1alpha;ccl3;293
96;ccl4;ccl4;294
97;mip1beta;ccl4;294
98;ccl5;rantes;295
99;rantes;rantes;295
100;ccl7;mcp3;296
101;mcp3;mcp3;296
102;marc;mcp3;296
103;ccl8;mcp2;297
104;mcp2;mcp2;297
105;ccnb1;ccnb1;50
106;cyclinb1;ccnb1;50
107;cd117;kit;191
108;ckit;kit;191
109;cd226;cd226;416
110;dnam1;cd226;416
111;cd23;fcer2;104
112;fcepsilonrii;fcer2;104
113;cd25;il2ra;163
114;il2ralpha;il2ra;163
115;il2rÃŽÂ±;il2ra;163
116;cd27;cd27;52
117;tnfrsf7;cd27;52
118;cd30;tnfrsf8;56
119;tnfrsf8;tnfrsf8;56
120;cd31;pecam1;256
121;pecam1;pecam1;256
122;cd40ligand;cd40lg;58
123;tnfsf5;cd40lg;58
124;cd40;cd40;57
125;tnfrsf5;cd40;57
126;cd80;cd80;54
127;b71;cd80;54
128;cd86;cd86;55
129;b72;cd86;55
130;ceacam1;ceacam1;38
131;cd66a;ceacam1;38
132;ceacam5;ceacam5;63
133;cd66e;ceacam5;63
134;coagulationfactoriii;f3;99
135;tissuefactor;f3;99
136;coagulationfactorxiv;proc;271
137;proteinc;proc;271
138;complementfactord;cfd;84
139;creactiveprotein;crp;75
140;crp;crp;75
141;ctag1b;ctag1b;79
142;nyeso1;ctag1b;79
143;ctla4;ctla4;81
144;cd152;ctla4;81
145;cx3cl1;cx3cl1;316
146;fractalkine;cx3cl1;316
147;cxcl1;cxcl1;125
148;groalpha;cxcl1;125
149;kc;cxcl1;125
150;cinc1;cxcl1;125
151;cxcl10;cxcl10;186
152;ip10;cxcl10;186
153;crg2;cxcl10;186
154;cxcl11;cxcl11;313
155;itac;cxcl11;313
156;blc;cxcl13;411
159;cxcl2;cxcl2;126
160;grobeta;cxcl2;126
161;mip2;cxcl2;126
162;cinc3;cxcl2;126
163;cxcl4;pf4;258
164;pf4;pf4;258
165;cxcl5;cxcl5;314
166;ena78;cxcl5;314
167;cxcl6;cxcl6;312
168;gcp2;cxcl6;312
169;cxcl7;ppbp;266
170;nap2;ppbp;266
171;cxcl9;cxcl9;221
172;mig;cxcl9;221
173;dcr3;tnfrsf6b;388
174;tnfrsf6b;tnfrsf6b;388
175;dppiv;dpp4;85
176;cd26;dpp4;85
177;dr3;tnfrsf25;381
178;tnfrsf25;tnfrsf25;381
179;emmprin;bsg;39
180;cd147;bsg;39
181;endocan;esm1;420
182;esm1;esm1;420
183;endoglin;eng;93
184;cd105;eng;93
185;enolase2;eno2;95
186;neuronspecificenolase;eno2;95
187;enpp2;enpp2;255
188;autotaxin;enpp2;255
189;enrage;s100a12;286
190;s100a12;s100a12;286
191;epcam;epcam;208
192;trop1;epcam;208
193;erbb2;erbb2;97
194;her2;erbb2;97
195;erbb3;erbb3;98
196;her3;erbb3;98
197;eselectin;sele;321
198;cd62e;sele;321
199;fabp4;fabp4;100
200;afabp;fabp4;100
201;fasligand;fasl;29
202;tnfsf6;fasl;29
203;fas;fas;28
204;tnfrsf6;fas;28
205;cd95;fas;28
206;fetuina;ahsg;9
207;ahsg;ahsg;9
208;fgfacidic;fgf1;105
209;fgf1;fgf1;105
210;fgfbasic;fgf2;106
211;fgf2;fgf2;106
212;bfgf;fgf2;106
213;fgl1;fgl1;108
214;hepassocin;fgl1;108
215;fibroblastactivationproteinalpha;fap;103
216;fap;fap;103
217;flt3ligand;flt3lg;111
218;flt3l;flt3lg;111
219;follistatinlike1;fstl1;422
220;fstl1;fstl1;422
221;follistatinrelatedgeneprotein;fstl3;405
222;flrg;fstl3;405
223;galectin3bp;lgals3bp;202
224;mac2bp;lgals3bp;202
225;gitr;tnfrsf18;389
226;tnfrsf18;tnfrsf18;389
227;hcc4;ccl16;302
228;ccl16;ccl16;302
229;he4;wfdc2;407
230;wfdc2;wfdc2;407
231;hgfr;met;215
232;cmet;met;215
233;hmwadiponectin;adipoq;398
234;htra2;htra2;439
235;omi;htra2;439
236;icam1;icam1;141
237;cd54;icam1;141
238;ifngammar1;ifngr1;147
239;cd119;ifngr1;147
240;igf2bp2;igf2bp2;415
241;imp2;igf2bp2;415
242;igf2bp3;igf2bp3;414
243;imp3;igf2bp3;414
244;igfbprp1;igfbp7;156
245;igfbp7;igfbp7;156
246;il1alpha;il1a;427
247;il1f1;il1a;427
249;il1f2;il1b;159
250;il12;il12a;176
251;il23p40;il12a;176
252;23;il12a;176
253;p40;il12a;176
254;23p40;il12a;176
255;il17;il17a;182
256;il17a;il17a;182
257;ctla8;il17a;182
258;il17e;il25;460
259;il25;il25;460
260;il18;il18;183
261;il1f4;il18;183
262;il1ra;il1rn;161
263;il1f3;il1rn;161
264;il28a;ifnl2;487
265;ifnÃŽÂ»2;ifnl2;487
266;ifnlambda2;ifnl2;487
267;il28b;ifnl3;488
268;ifnÃŽÂ»3;ifnl3;488
269;ifnlambda3;ifnl3;488
270;il33;il33;473
271;nfhevmature;il33;473
272;nfhev;il33;473
273;il36beta;il36b;433
274;il1f8;il36b;433
275;il36b;il36b;433
276;il37;il37;434
277;il1f7;il37;434
278;il38;il1f10;470
279;il1f10;il1f10;470
280;il8;cxcl8;172
281;cxcl8;cxcl8;172
282;kallikrein3;klk3;27
284;kallikrein6;klk6;273
285;neurosin;klk6;273
286;leptin;leptin;198
287;ob;leptin;198
288;light;tnfsf14;382
289;tnfsf14;tnfsf14;382
290;lipocalin2;ngal;197
291;ngal;ngal;197
292;lselectin;sell;322
293;cd62l;sell;322
294;lymphotoxinalpha;lta;205
295;tnfbeta;lta;205
296;ltalpha;lta;205
297;mcam;mcam;212
298;cd146;mcam;212
299;muc18;mcam;212
300;mcsfr;csf1;76
301;cd115;csf1;76
302;mip1d;ccl15;301
303;mip5;ccl15;301
304;mip4;ccl18;304
305;mpif;ccl23;309
306;msp;mst1;232
307;mst1;mst1;232
308;myeloperoxidase;mpo;231
309;mpo;mpo;231
310;myostatin;mstn;118
311;gdf8;mstn;118
312;ncam1;ncam1;235
313;cd56;ncam1;235
314;ncaml1;ncaml1;194
315;l1cam;ncaml1;194
316;cd171;ncaml1;194
317;neuregulin1beta1;nrg1;132
318;nrg1beta1;nrg1;132
319;oncostatinm;osm;246
320;osm;osm;246
321;osteoactivin;gpnmb;408
322;gpnmb;gpnmb;408
323;osteonectin;bm40;331
324;sparc;bm40;331
325;osteopontin;eta1;332
326;opn;eta1;332
327;osteoprotegerin;tnfrsf11b;244
328;tnfrsf11b;tnfrsf11b;244
329;ox40;tnfrsf4;365
330;cd134;tnfrsf4;365
331;park5;uchl1;366
332;uchl1;uchl1;366
333;park7;park7;423
334;dj1;park7;423
335;pbef;nampt;402
336;visfatin;nampt;402
337;pdgfab;pdgfb;254
338;bb;pdgfb;254
339;pdl1;pdl1;440
340;b7h1;pdl1;440
341;pentraxin2;apcs;17
342;sap;apcs;17
343;pentraxin3;ptx3;277
344;tsg14;ptx3;277
345;periostin;postn;413
346;osf2;postn;413
347;pla2g7;pla2g7;375
348;pafah;pla2g7;375
349;lppla2;pla2g7;375
350;plateletfactor4;pf4;258
351;progranulin;grn;124
352;pgrn;grn;124
353;proproteinconvertase9;pcsk9;486
354;pcsk9;pcsk9;486
355;proteins;pros1;272
356;pros1;pros1;272
357;proteinase3;prtn3;274
358;myeloblastin;prtn3;274
359;prtn3;prtn3;274
360;pselectin;selp;323
361;cd62p;selp;323
362;pvr;pvr;278
363;cd155;pvr;278
364;rage;ager;5
365;ager;ager;5
366;rbp4;rbp4;281
367;retinolbindingprotein4;rbp4;281
368;rnp;rnpc3;453
369;smithrnp;rnpc3;453
370;sm;rnpc3;453
371;rnpsmithrnp;rnpc3;453
372;smith;rnpc3;453
373;rnpsm;rnpc3;453
374;smithrnpsm;rnpc3;453
375;sb;ssb;333
376;lasjÃƒÂ¶grenssyndromerelatedantigenb;ssb;333
377;la;ssb;333
378;scd137;tnfrsf9;181
379;scd31;pecam1;256
380;specam1;pecam1;256
381;scf;kitlg;217
382;ckitligand;kitlg;217
383;scgf;clec11a;290
384;clec11a;clec11a;290
385;sckit;kit;191
386;sstemcellfactorreceptorscfr;kit;191
387;sstemcellfactorreceptor;kit;191
388;stemcellfactorreceptorscfr;kit;191
389;sdf1;cxcl12;319
390;cxcl12;cxcl12;319
391;segfr;egfr;90
392;sher1;egfr;90
393;erbb1;egfr;90
397;serbb1;egfr;90
398;serpina10;serpina10;447
399;zpi;serpina10;447
400;serpina4;serpina4;262
401;kallistatin;serpina4;262
402;serpina7;serpina7;336
403;tbg;serpina7;336
404;serpinb3;serpinb3;289
405;scca1;serpinb3;289
406;serpinc1;serpinc1;31
407;antithrombiniii;serpinc1;31
408;serpine1;serpine1;248
409;pai1;serpine1;248
410;serpinf1;serpinf1;257
411;pedf;serpinf1;257
412;sfas;fas;28
413;sher2;erbb2;97
414;segfr2;erbb2;97
415;sher3;erbb3;98
416;segfr3;erbb3;98
417;serbb3;erbb3;98
418;shgfr;met;215
419;scmet;met;215
420;sost;sost;445
421;sclerostin;sost;445
422;st2;il1rl1;395
423;il33r;il1rl1;395
424;stanniocalcin1;stc1;334
425;stc1;stc1;334
426;survivin;birc5;18
427;birc5;birc5;18
428;svegfr1;flt1;110
429;sflt1;flt1;110
430;svegfr2;kdr;190
431;skdr;kdr;190
432;sflk1;kdr;190
433;svegfr3;flt4;112
434;sflt4;flt4;112
435;syndecan1;sdc1;317
436;cd138;sdc1;317
437;taci;tnfrsf13b;426
438;tnfrsf13b;tnfrsf13b;426
439;thrombomodulin;thbd;347
440;bdca3;thbd;347
441;thrombopoietin;thpo;350
443;tim1;havcr1;431
444;kim1;havcr1;431
445;havcr;havcr1;431
446;tnfri;tnfrsf1a;358
447;tnfrsf1a;tnfrsf1a;358
448;tnfrii;tnfrsf1b;359
449;tnfrsf1b;tnfrsf1b;359
450;tnf;tnf;357
451;alpha;tnf;357
452;tracp;acp5;2
453;pap;acp5;2
454;acp5;acp5;2
455;trailr2;tnfrsf10b;391
456;tnfrsf10b;tnfrsf10b;391
457;trailr3;tnfrsf10c;390
458;tnfrsf10c;tnfrsf10c;390
459;trail;tnfsf10;385
460;tnfsf10;tnfsf10;385
461;trance;tnfsf11;379
462;tnfsf11;tnfsf11;379
463;rankl;tnfsf11;379
464;pgp9.5;uchl1;366
465;ulbp4;raet1e;477
466;raet1e;raet1e;477
467;uteroglobin;scgb1a1;367
468;scgb1a1;scgb1a1;367
469;vap1;aoc3;380
470;aoc3;aoc3;380
471;vcam1;vcam1;369
472;cd106;vcam1;369
473;vegfr1;flt1;110
474;flt1;flt1;110
475;vegfr2;kdr;190
476;kdr;kdr;190
477;flk1;kdr;190
478;vegfr3;flt4;112
479;flt4;flt4;112
480;xcl1;xcl1;315
481;lymphotactin;xcl1;315
482;ykl40;chi3l1;69
483;chi3l1;chi3l1;69
484;41bbtnfrsf9cd137;tnfrsf9;181
485;41bbtnfrsf9;tnfrsf9;181
486;41bbcd137;tnfrsf9;181
487;41bbltnfsf9;tnfsf9;386
488;5ntcd73;nt5e;240
489;6ckineccl21exodus2;ccl21;307
490;amsh;alphamsh;496
491;asynuclein;snca;327
492;a1acidglycoprotein;orm1;245
493;a1agp;orm1;245
494;a1antitrypsin;serpina1;261
495;a1at;serpina1;261
496;a1mg;ambp;13
497;a1microglobulin;ambp;13
498;a2m;a2m;1
499;a2macroglobulin;a2m;1
500;a2mg;a2m;1
501;ab140;app;26
502;ab142;app;26
503;acan;acan;4
504;acth;pomc;265
505;adamts13;adamts13;421
506;adiponectinacrp30;adipoq;398
507;adipoq;adipoq;398
508;adipsinfactord;cfd;84
509;afetoprotein;afp;3
510;aggrecan;acan;4
511;agoutirelatedprotein;agrp;6
512;agoutirelatedproteinagrp;agrp;6
513;agp;orm1;245
514;agp1;orm1;245
515;agpa;orm1;245
516;agrpart;agrp;6
517;agt;agt;8
518;alb;alb;10
519;albumin;alb;10
520;alcamcd166;alcam;11
521;aldehydedehydrogenase1a1aldh1a1;aldh1a1;12
522;alpha1microglobulin;ambp;13
523;alpha2macroglobulin;a2m;1
524;alphaglutathianonestransferase;gsta1;127
525;glutathionestransferasealpha1;gsta1;127
526;alphamsh;alphamsh;496
527;alpha1acidglycoprotein;orm1;245
528;alpha1antitrypsin;serpina1;261
529;alphafetoproteinafp;afp;3
530;alphanacetylglucosaminidasenaglu;ufhsd;234
531;alphasynuclein;snca;327
532;ambp;ambp;13
533;amylin;iapp;140
534;amylinactive;iapp;140
535;amylintotal;iapp;140
536;amyloidbeta140;app;26
537;amyloidbeta142;app;26
538;ang;ang;14
539;angiogenin;ang;14
540;angiogeninang;ang;14
541;angiopoietin1;angpt1;15
542;angiopoietin2;angpt2;16
543;angiopoietinlikeprotein3angptl3;angptl3;438
544;angiopoietinlikeprotein4angptl4;angptl4;446
545;angiopoietinlikeprotein6angptl6;angptl6;469
546;angiostatinkringle;iglc4;157
547;angiotensinogen;agt;8
548;angiotensinogenagt;agt;8
549;angpt1;angpt1;15
550;angpt2;angpt2;16
551;ankrd1;ankrd1;432
552;apcs;apcs;17
553;apelin;apln;393
554;apln;apln;393
555;apoai;apoa1;19
556;apoaii;apoa2;20
557;apob;apob;21
558;apocii;apoc2;22
559;apociii;apoc3;23
560;apoe;apoe;24
561;apoa1;apoa1;19
562;apoa2;apoa2;20
563;apoc2;apoc2;22
564;apoc3;apoc3;23
565;apoe4;apoe;24
566;apoh;apoh;25
567;apolipoproteinai;apoa1;19
568;apolipoproteina1;apoa1;19
569;app;app;26
570;app140;app;26
571;app142;app;26
572;apriltnfsf13;tnfsf13;383
573;arg1;arg1;30
574;arginase1;arg1;30
575;at3;serpinc1;31
576;axl;axl;32
577;b2gp;apoh;25
578;b2mg;b2m;33
579;b2glycoprotein;apoh;25
580;b2m;b2m;33
581;b2microglobulin;b2m;33
582;b7h6;b7h6;492
583;b7h2icosl;icoslg;425
584;b7h3cd276;cd276;467
585;b7h4vtcn1;vtcn1;462
586;b7h5vista;vsir;459
587;baffblys;tnfsf13b;417
588;baffblystnfsf13b;tnfsf13b;417
589;bca1cxcl13;cxcl13;411
590;bcmatnfrsf17;tnfrsf17;34
591;bdnf;bdnf;35
592;beta2microglobulin;b2m;33
593;betangf;ngf;236
594;bglap;ocn;37
595;bmp10;bmp10;437
596;bmp2;bmp2kl;490
597;bmp2kl;bmp2kl;490
598;bmp4;bmp4;497
599;bmp7;bmp7;498
600;bmp9;gdf2;117
601;bnp;bnp;238
602;brakcxcl14;cxcl14;400
603;bsg;bsg;39
604;btla;btla;480
605;cpeptide;ins;187
606;c1q;c1qa;40
607;c1qa;c1qa;40
608;c2;c2;41
609;c3;c3;42
610;c3b;c3;42
611;c3bic3b;c3;42
612;c4;c4a;43
613;c4a;c4a;43
614;c4b;c4b;44
615;c5;c5;45
617;c5ar1;c5ar1;46
618;c9;c9;47
619;ca125muc16;muc16;474
620;ca153muc1;muc1;233
621;calb1;calb1;49
622;calbindin;calb1;49
623;calbindind;calb1;49
624;carbonicanhydrase9;ca9;48
625;carbonicanhydrase9ca9;ca9;48
626;carbonicanhydraseixca9;ca9;48
627;catd;ctsd;82
628;cathepsind;ctsd;82
629;cathepsins;ctss;83
630;ccl1i309tca3;ccl1;291
631;ccl1tca3i309;ccl1;291
632;i309ccl1tca3;ccl1;291
633;i309tca3ccl1;ccl1;291
634;tca3ccl1i309;ccl1;291
635;tca3i309ccl1;ccl1;291
636;ccl1tca3;ccl1;291
637;ccl1i309;ccl1;291
638;tca3ccl1;ccl1;291
639;ccl11eotaxin;ccl11;298
640;ccl13mcp4;ccl13;299
641;ccl14hcc1hcc3;ccl14;300
642;ccl14hcc1;ccl14;300
643;ccl14hcc3;ccl14;300
644;ccl15mip1delta;mip1d;301
645;ccl17tarc;ccl17;303
646;ccl18parc;ccl18;304
647;ccl19mip3beta;ccl19;305
648;mip3betaccl19;ccl19;305
649;i309ccl1;ccl1;291
650;ccl2jemcp1;ccl2;292
651;ccl2je;ccl2;292
652;jemcp1;ccl2;292
653;ccl20mip3alpha;mip3a;306
654;ccl216ckine;ccl21;307
655;ccl22mdc;ccl22;308
656;ccl23mpif1;ccl23;309
657;ccl24eotaxin2mpif2;ccl24;310
658;ccl24eotaxin2;ccl24;310
659;ccl24mpif2;ccl24;310
660;ccl25teck;ccl25;311
661;teckccl25;ccl25;311
662;ccl26eotaxin3;ccl26;406
663;ccl27ctack;ccl27;418
664;ccl28;ccl28;455
665;ccl3mip1alpha;ccl3;293
666;ccl4mip1beta;ccl4;294
667;ccl5rantes;rantes;295
668;ccl7mcp3marc;mcp3;296
669;ccl8mcp2;mcp2;297
670;ccnb1cyclinb1;ccnb1;50
671;cd117ckit;kit;191
672;cd13741bb;tnfrsf9;181
673;cd14;cd14;51
674;cd163;cd163;397
675;cd226dnam1;cd226;416
676;cd23fcepsilonrii;fcer2;104
677;cd25il2ralpha;il2ra;163
678;cd25il2rÃŽÂ±;il2ra;163
679;cd27tnfrsf7;cd27;52
680;tnfrsf7cd27;cd27;52
681;cd274;pdl1;440
682;cd28;cd28;53
683;cd30tnfrsf8;tnfrsf8;56
684;cd31pecam1;pecam1;256
685;cd40ligandtnfsf5;cd40lg;58
686;cd40tnfrsf5;cd40;57
687;tnfrsf5cd40;cd40;57
688;cd40l;cd40lg;58
689;cd40lg;cd40lg;58
690;cd44;cd44;59
691;cd80b71;cd80;54
692;cd86b72;cd86;55
693;b72cd86;cd86;55
694;cdh1;cdh1;60
695;cdh2;ncad;61
696;cdkn2a;cdkn2a;62
697;cea;ceacam5;63
698;ceacam1cd66a;ceacam1;38
699;ceacam5cd66e;ceacam5;63
700;cel;cel;64
701;cenpa;cenpa;65
702;cenpb;cenpb;66
703;cenpacentromereproteina;cenpa;65
704;cenpbcentromereproteinb;cenpb;66
705;centromereproteina;cenpa;65
706;centromereproteinb;cenpb;66
707;cfb;cfb;36
708;fb;cfb;36
709;cfd;cfd;84
710;cfh;cfh;130
711;cfi;cfi;142
712;cfp;cfp;259
713;cga;cga;67
714;cgb3;cgb3;68
715;chemerin;rarres2;280
716;chitinase3like1;chi3l1;69
717;clu;clu;70
718;clusterin;clu;70
719;cntf;cntf;71
720;cntn1;cntn1;72
721;coagulationfactoriiitissuefactor;f3;99
722;coagulationfactorxivproteinc;proc;271
723;col1a1;col1a1;73
724;col4a1;col4a1;74
725;coll4;sema4d;554
726;sema4d;sema4d;554
727;collagenialpha1;col1a1;73
728;collagentypeialpha1chain;col1a1;73
729;collageniv;col4a1;74
730;collagenivalpha1;col4a1;74
731;collagentypeivalpha1chain;col4a1;74
732;complementcomponentc2;c2;41
735;complementcomponentc9;c9;47
736;complementfactorc3;c3;42
737;complementfactordadipsin;cfd;84
738;complementfactorhcfh;cfh;130
739;complementfactorh;cfh;130
740;complementc2;c2;41
741;complementc9;c9;47
742;complementc4b;c4b;44
743;complementc5;c5;45
744;complementc5a;c5ar1;46
745;complementc3;c3;42
746;complementfactori;cfi;142
747;contactin1;cntn1;72
748;creactiveproteincrp;crp;75
749;cripto;tdgf1;337
750;csf1;csf1;76
751;csf2;csf2;77
752;csf3;csf3;78
753;cst3;cst3;80
754;ctackccl27;ccl27;418
755;ctag1bnyeso1;ctag1b;79
756;ctla4cd152;ctla4;81
757;cd152ctla4;ctla4;81
758;ctsd;ctsd;82
759;ctss;ctss;83
760;cx3cl1fractalkine;cx3cl1;316
761;cxcl1groalphakccinc1;cxcl1;125
762;cxcl1groalpha;cxcl1;125
763;cxcl1kc;cxcl1;125
764;cxcl1cinc1;cxcl1;125
765;cxcl10ip10crg2;cxcl10;186
766;cxcl10ip10;cxcl10;186
767;cxcl10crg2;cxcl10;186
768;cxcl11itac;cxcl11;313
769;cxcl13blcbca1;cxcl13;411
770;cxcl13blc;cxcl13;411
771;cxcl13bca1;cxcl13;411
773;cxcl16;cxcl16;457
774;cxcl2grobetamip2cinc3;cxcl2;126
775;cxcl2grobeta;cxcl2;126
776;cxcl2mip2;cxcl2;126
777;cxcl2cinc3;cxcl2;126
778;cxcl4pf4;pf4;258
779;cxcl5ena78;cxcl5;314
780;cxcl6gcp2;cxcl6;312
781;cxcl7nap2;ppbp;266
782;cxcl9mig;cxcl9;221
783;cyfra211;krt19;193
784;cysc;cst3;80
785;cystatinc;cst3;80
786;dcr3tnfrsf6b;tnfrsf6b;388
787;dkk1;dkk1;424
788;dpappa;dpappa;250
789;dpp4;dpp4;85
790;dppivcd26;dpp4;85
791;dr3tnfrsf25;tnfrsf25;381
792;ecadherin;cdh1;60
793;ecm1;ecm1;87
794;ecmp1;ecm1;87
795;edn1;edn1;88
796;eelectin;sele;321
797;egf;egf;89
798;egfr;egfr;90
799;elane;elane;92
800;emmprincd147;bsg;39
801;ena78cxcl5;cxcl5;314
802;endocan1;esm1;420
803;endocanesm1;esm1;420
804;endocan1esm1;esm1;420
805;esm1endocan;esm1;420
806;endoglincd105;eng;93
807;cd105endoglin;eng;93
808;endostatin;col18a1;482
809;col18a1;col18a1;482
810;endothelin1;edn1;88
811;eng;eng;93
812;eno1;eno1;94
813;eno2;eno2;95
814;enolase2neuronspecificenolase;eno2;95
815;enpp2autotaxin;enpp2;255
816;enrages100a12;s100a12;286
817;eot;ccl11;298
818;eotaxinccl11;ccl11;298
819;eotaxin2ccl24mpif2;ccl24;310
820;eotaxin2ccl24;ccl24;310
821;eotaxin2mpif2;ccl24;310
822;eotaxin3ccl26;ccl26;406
823;epcamtrop1;epcam;208
824;epha2;epha2;91
825;epo;epo;96
826;erbb2her2;erbb2;97
827;erbb3her3;erbb3;98
828;erythropoietin;epo;96
829;erythropoietinepo;epo;96
830;eselectincd62e;sele;321
831;extracellularmatrixprotein1;ecm1;87
832;extracellularmatrixprotein1ecm1;ecm1;87
833;f3;f3;99
834;fa;fas;28
835;fabp1;fabp1;101
836;fabp3;fabp3;102
837;fabp4afabp;fabp4;100
838;factorb;cfb;36
839;factorh;cfh;130
841;fal;fasl;29
842;fasligandtnfsf6;fasl;29
843;fastnfrsf6cd95;fas;28
844;fastnfrsf6;fas;28
845;fascd95;fas;28
846;faslg;fasl;29
847;fcer2;fcer2;104
848;ferritin;ftl;507
849;fetuinaahsg;ahsg;9
850;fgfacidicfgf1;fgf1;105
851;fgfbasicfgf2bfgf;fgf2;106
852;fgfbasicbfgffgf2;fgf2;106
853;fgf2fgfbasicbfgf;fgf2;106
854;fgf2bfgffgfbasic;fgf2;106
855;bfgffgfbasicfgf2;fgf2;106
856;bfgffgf2fgfbasic;fgf2;106
857;fgfbasicfgf2;fgf2;106
858;fgfbasicbfgf;fgf2;106
859;fgf2fgfbasic;fgf2;106
860;fgf2bfgf;fgf2;106
861;bfgffgfbasic;fgf2;106
862;bfgffgf2;fgf2;106
863;fgf1fgfacidic;fgf1;105
864;fgf13;fgf13;107
865;fgf19;fgf19;401
866;fgf21;fgf21;430
867;fgf23;fgf23;376
868;fgl1hepassocin;fgl1;108
869;fibroblastactivationproteinfap;fap;103
870;fibroblastactivationproteinalphafap;fap;103
871;fibroblastactivationprotein;fap;103
872;fibronectin;fn1;113
873;flt3ligandflt3l;flt3lg;111
874;flt3lg;flt3lg;111
875;fn1;fn1;113
876;fndc5;fndc5;485
877;follistatin;fst;409
878;follistatinfst;fst;409
879;fst;fst;409
880;follistatinlike1fstl1;fstl1;422
881;fstl1follistatinlike1;fstl1;422
882;follistatinrelatedgeneproteinflrg;fstl3;405
883;fractalkinecx3cl1;cx3cl1;316
884;fsh;cga;67
885;fstl3;fstl3;405
886;furin;furin;247
887;gcsf;csf3;78
888;galectin1;lgals1;200
889;galectin1gal1;lgals1;200
890;gal1;lgals1;200
891;galectin3;lgals3;201
892;galectin3gal3;lgals3;201
893;gal3;lgals3;201
894;galectin3bpmac2bp;lgals3bp;202
895;mac2bpgalectin3bp;lgals3bp;202
896;galectin9;lgals9c;494
897;gas6;gas6;114
898;gc;gc;115
899;gcg;gcg;116
900;gdf11;gdf11;403
901;gdf15;gdf15;399
902;gdf2;gdf2;117
903;gdnf;gdnf;119
904;gfap;gfap;120
905;gh;gh1;121
906;gh1;gh1;121
907;ghrelin;ghrl;449
908;ghrelinactive;ghrl;449
909;ghrl;ghrl;449
910;gip;gip;122
911;giptotal;gip;122
912;gitrtnfrsf18;tnfrsf18;389
913;gitrl;tnfsf18;394
914;glialfibrillaryacidicproteingfap;gfap;120
915;glialfibrillaryacidicprotein;gfap;120
916;glp1;gcg;116
917;glp1active;gcg;116
918;glp1total;gcg;116
919;glucagon;gcg;116
920;gmcsf;csf2;77
921;gnly;gnly;412
922;gnrh;gnrh1;123
923;gnrh1;gnrh1;123
924;gp130;il6st;170
925;grana;gzma;128
926;granb;gzmb;129
927;granulysin;gnly;412
928;granzymea;gzma;128
929;granzymeb;gzmb;129
930;grn;grn;124
931;gro;cxcl1;125
932;groa;cxcl1;125
933;growthhormone;gh1;121
934;groÃŽÂ±;cxcl1;125
935;gsta;gsta1;127
936;gstalpha;gsta1;127
937;gstÃŽÂ±;gsta1;127
938;gzma;gzma;128
939;gzmb;gzmb;129
940;haptoglobin;hp;135
941;has;alb;10
942;havcr1;havcr1;431
943;havcr2;havcr2;471
944;hbegf;hbegf;86
945;hcc4ccl16;ccl16;302
946;hcgb;cgb3;68
947;hcgÃŽÂ²;cgb3;68
948;he4wfdc2;wfdc2;407
949;hepsin;hpn;136
950;her2erbb2;erbb2;97
951;hgf;hgf;131
952;hgfrcmet;met;215
953;hif1a;hif1a;133
954;hif1ÃŽÂ±;hif1a;133
955;hmgb1;hmgb1;134
956;hmwadiponectinacrp30;adipoq;398
957;hp;hp;135
958;hpn;hpn;136
959;hsp60;hspd1;138
960;hsp70;hspa1a;137
961;hspa1a;hspa1a;137
962;hspd1;hspd1;138
963;htra2omi;htra2;439
964;humanserumalbumin;alb;10
965;humanserumalbuminhsa;alb;10
966;hvem;tnfrsf14;387
967;iapp;iapp;140
968;icam1cd54;icam1;141
969;icos;icos;441
970;icoslg;icoslg;425
971;ido1;ido1;184
972;ifna2;ifna2;144
973;ifng;ifng;146
974;ifna1;ifna1;143
975;ifnalpha;ifna1;143
976;ifnb;ifnb1;145
977;ifnb1;ifnb1;145
978;ifnbeta;ifnb1;145
979;ifngamma;ifng;146
980;ifngammar1cd119;ifngr1;147
981;ifngr1;ifngr1;147
982;ifnl2;ifnl2;487
983;ifnl3;ifnl3;488
984;ifny;ifng;146
985;ifnÃŽÂ±2;ifna2;144
986;ifnÃŽÂ²;ifnb1;145
987;ifnÃŽÂ³;ifng;146
988;igfbp1;igfbp1;150
989;igfbp2;igfbp2;151
990;igfbp3;igfbp3;152
991;igf1;igf1;148
992;igf2;igf2;149
993;igf2bp2imp2;igf2bp2;415
994;igf2bp3imp3;igf2bp3;414
995;imp3igf2bp3;igf2bp3;414
996;igfbp4;igfbp4;153
997;igfbp5;igfbp5;154
998;igfbp6;igfbp6;155
999;igfbprp1igfbp7;igfbp7;156
1000;iglc4;iglc4;157
1001;il1alphail1f1;il1a;427
1002;il1betail1f2;il1b;159
1003;il1ri;il1r1;160
1004;il1rii;il1r2;374
1005;il10;il10;174
1006;il11;il11;175
1007;il12p40;il12a;176
1008;il12p70;il12a;177
1009;il12il23p40;il12a;176
1010;il1223p40;il12a;176
1011;il23p40il12;il12a;176
1012;23p40il12;il12a;176
1013;p40il12;il12a;176
1014;il12b;il12b;177
1015;il13;il13;178
1016;il14;txlna;483
1017;il14ÃŽÂ±taxilin;txlna;483
1018;il15;il15;179
1019;il16;il16;180
1020;il17il17a;il17a;182
1021;il17f;il17f;475
1022;il17actla8;il17a;182
1023;il17c;il17c;436
1024;il17eil25;il25;460
1025;il18il1f4;il18;183
1026;il19;il19;442
1027;il1a;il1a;158
1028;il1b;il1b;159
1029;il1beta;il1b;159
1030;interleukin1beta;il1b;159
1031;il1r1;il1r1;160
1032;il1r2;il1r2;374
1033;il1rail1f3;il1rn;161
1034;il1rl1;il1rl1;395
1035;il1rn;il1rn;161
1036;il1ÃŽÂ±;il1a;158
1037;il1ÃŽÂ²;il1b;159
1038;il2;il2;162
1039;il20;il20;443
1040;il21;il21;458
1041;il22;il22;444
1042;il23;il23a;448
1044;il23a;il23a;448
1045;il24;il24;419
1046;il27;il27;484
1047;il28aifnÃŽÂ»2;ifnl2;487
1048;il28aifnlambda2;ifnl2;487
1049;il28bifnÃŽÂ»3;ifnl3;488
1050;il28bifnlambda3;ifnl3;488
1051;il2ra;il2ra;163
1052;il3;il3;164
1053;il31;il31;493
1054;il32;il32;396
1055;il32a;il32;396
1056;il32ÃŽÂ±;il32;396
1057;il33nfhevmature;il33;473
1058;il33nfhev;il33;473
1059;il34;il34;479
1060;il36betail1f8;il36b;433
1061;il36ÃŽÂ²;il36b;433
1062;il36ÃŽÂ²il1f8;il36b;433
1063;il36bil1f8;il36b;433
1064;il37il1f7;il37;434
1065;il38il1f10;il1f10;470
1066;il4;il4;165
1067;il4r;il4r;166
1068;il4ralpha;il4r;166
1069;il4rÃŽÂ±;il4r;166
1070;il5;il5;167
1071;il6;il6;168
1072;il6r;il6r;169
1073;il6ralpha;il6r;169
1074;il6ra;il6r;169
1075;il6rÃŽÂ±;il6r;169
1076;il6st;il6st;170
1077;il7;il7;171
1078;il8cxcl8;cxcl8;172
1079;il9;il9;173
1080;inha;inha;185
1081;ins;ins;187
1082;insulin;ins;187
1083;involucrin;ivl;189
1084;ip10cxcl10;cxcl10;186
1085;irisin;fndc5;485
1086;itaccxcl11;cxcl11;313
1087;itih4;itih4;188
1088;ivl;ivl;189
1089;jag1;jag1;7
1090;kallikrein3psa;klk3;27
1091;kallikrein5;klk5;429
1092;kallikrein6neurosin;klk6;273
1093;keratin6;krt6a;192
1094;kit;kit;191
1095;kitlg;kitlg;217
1096;klk3;klk3;27
1097;klk5;klk5;429
1098;klk6;klk6;273
1099;krt19;krt19;193
1100;krt6a;keratin6;192
1101;ku;xrcc5;373
1102;lactoferrin;ltf;206
1103;lactotransferrin;ltf;206
1104;lactotransferrinltf;ltf;206
1105;lag3;lag3;195
1106;lbp;lbp;196
1107;lcn2;ngal;197
1108;lelectin;sell;322
1109;lep;lep;198
1110;lepr;lepr;199
1111;leptinr;lepr;199
1112;leptinob;leptin;198
1113;lgals1;lgals1;200
1114;lgals3;lgals3;201
1115;lgals3bp;lgals3bp;202
1116;lgals9c;lgals9c;494
1117;lh;lhb;203
1118;lhb;cgb3;68
1119;lif;lif;204
1120;lighttnfsf14;tnfsf14;382
1121;lipocalin2ngal;ngal;197
1122;loc109433677;bmp4;497
1123;loc109461473;bmp7;498
1124;lrg1;lrg1;476
1125;lselectincd62l;sell;322
1126;lta;lta;205
1127;ltÃŽÂ±;lta;205
1128;ltf;ltf;206
1129;lum;lum;207
1130;lumican;lum;207
1131;lymphotoxinalphatnfbeta;lta;205
1132;lymphotoxinÃŽÂ±lta;lta;205
1133;lymphotoxinÃŽÂ±;lta;205
1134;ltalphatnfbeta;lta;205
1135;ltalphatnfb;lta;205
1136;tnfÃŽÂ²;lta;205
1137;mcsf;csf1;76
1138;madcam1;madcam1;377
1139;mannosebindinglectinmbl;mbl2;211
1140;mannosebindinglectin;mbl2;211
1141;mapt;mapt;209
1142;mb;mb;210
1143;mbl;mbl2;211
1144;mbl2;mbl2;211
1145;mcamcd146;mcam;212
1146;mcammuc18;mcam;212
1147;mcp1ccl2;ccl2;292
1148;mcp2ccl8;mcp2;297
1149;mcp3ccl7;mcp3;296
1150;mcp4ccl13;ccl13;299
1151;mcsfrcd115;csf1;76
1152;mdcccl22;ccl22;308
1153;mdh1;mdh1;213
1154;mdk;mdk;214
1155;melanomainhibitoryactivity;mia;378
1156;melanomainhibitoryactivitymia;mia;378
1157;meox2;meox2;586
1158;mesothelin;smrp;404
1159;mfge8;mfge8;216
1160;mgp;mgp;218
1161;mia;mia;378
1162;mica;mica;495
1163;micb;micb;219
1164;midkine;mdk;214
1165;mif;mif;220
1166;migcxcl9;cxcl9;221
1167;mip1a;ccl3;293
1168;mip1b;ccl4;294
1169;mip1dmip5ccl15;ccl15;301
1170;mip1ÃŽÂ±;ccl3;293
1171;mip1ÃŽÂ±ccl3;ccl3;293
1172;mip1ÃŽÂ²;mip1b;294
1173;mip1ÃŽÂ²ccl4;mip1b;294
1174;mip3a;mip3a;306
1175;mip3ÃŽÂ±;mip3a;306
1176;mip3ÃŽÂ±ccl20;mip3a;306
1177;mip4parcccl18;ccl18;304
1178;mmp1;mmp1;222
1179;mmp10;mmp10;228
1180;mmp12;mmp12;229
1181;mmp13;mmp13;230
1182;mmp2;mmp2;223
1183;mmp3;mmp3;224
1184;mmp7;mmp7;225
1185;mmp8;mmp8;226
1186;mmp9;mmp9;227
1187;mpifccl23;ccl23;309
1188;mpx;mpo;231
1189;msln;msln;404
1190;mspmst1;mst1;232
1191;mstn;mstn;118
1192;mucin1;muc1;233
1193;mucin1muc1;muc1;233
1194;musclin;ostn;489
1195;myeloperoxidasempo;mpo;231
1196;myoglobin;mb;210
1197;myostatingdf8;mstn;118
1198;nampt;nampt;402
1199;ncadherin;ncad;61
1200;ncam;ncam1;235
1201;ncam1cd56;ncam1;235
1202;ncaml1l1camcd171;ncaml1;194
1203;ncr3lg1;b7h6;492
1204;ne2;elane;92
1205;nectin2;nectin2;279
1206;nectin4;nectin4;468
1207;nephrin;nephrin;237
1208;neuregulin1beta1nrg1beta1;nrg1;132
1209;nrg1beta1neuregulin1beta1;nrg1;132
1210;neurogranin;hng;239
1211;neurograninnrgn;hng;239
1212;neuronspecificenolasense;eno2;95
1213;neuropilin1;vegf165r;392
1214;neurotensin;nts;243
1215;neutrophilelastase2ela2;elane;92
1216;neutrophilelastase2;elane;92
1217;ngallipocalin2;ngal;197
1218;ngf;ngf;236
1219;nphs1;nephrin;237
1220;nppb;bnp;238
1221;nrg1;nrg1;132
1222;nrgn;hng;239
1223;nrp1;vegf165r;392
1224;nse;eno2;95
1225;ntprobnp;bnp;238
1226;nt3;ntf3;241
1227;nt4;ntf4;242
1228;nt5e;nt5e;240
1229;ntf3;ntf3;241
1230;ntf4;ntf4;242
1231;nts;nts;243
1232;oc;ocn;37
1233;oncostatinmosm;osm;246
1234;opg;tnfrsf11b;244
1235;orm1;orm1;245
1236;osteoactivingpnmb;gpnmb;408
1237;osteocalcin;ocn;37
1238;osteocalcinoc;ocn;37
1239;osteocrin;ostn;489
1240;osteocrinostnmusclin;ostn;489
1241;osteonectinsparc;bm40;331
1242;osteopontinopn;eta1;332
1243;osteoprotegerinopg;tnfrsf11b;244
1244;osteoprotegerintnfrsf11b;tnfrsf11b;244
1245;ostn;ostn;489
1246;ox40cd134;tnfrsf4;365
1247;p16ink4a;cdkn2a;62
1248;p53;tp53;362
1249;pai1total;serpine1;248
1250;pancreaticpolypeptidepp;ppy;267
1251;pancreaticpolypeptide;ppy;267
1252;pappa;dpappa;250
1253;park5uchl1;uchl1;366
1254;park7dj1;park7;423
1255;pbefvisfatin;nampt;402
1256;pcna;pcna;251
1257;pcnaproliferatingcellnuclearantigena;pcna;251
1258;pdl2;pdcd1lg2;466
1259;pd1;pd1;252
1260;pdcd1;pd1;252
1261;pdcd1lg2;pdcd1lg2;466
1262;pdgfa;pdgfa;253
1263;pdgfb;pdgfb;254
1264;pdgfaa;pdgfa;253
1265;pdgfabbb;pdgfb;254
1266;pdgfbb;pdgfb;254
1267;pdgfc;pdgfc;454
1268;pdgfcc;pdgfc;454
1269;pdgfd;pdgfd;463
1270;pdgfdd;pdgfd;463
1271;pdl1b7h1;pdl1;440
1272;pelectin;selp;323
1273;pentraxin2sap;apcs;17
1274;pentraxin3tsg14;ptx3;277
1275;pentraxin3ptx3;ptx3;277
1276;perforin;prf1;268
1277;periostinosf2;postn;413
1278;pgf;pgf;260
1279;pla2g7pafahlppla2;pla2g7;375
1280;placentalgrowthfactor;pgf;260
1281;placentalgrowthfactorplgf;pgf;260
1282;plateletfactor4pf4cxcl4;pf4;258
1283;plateletfactor4cxcl4;pf4;258
1284;plateletfactor4pf4;pf4;258
1285;plau;plau;263
1286;plaur;plaur;264
1287;plgf;pgf;260
1288;pomc;pomc;265
1289;postn;postn;413
1290;pp;ppy;267
1291;ppbp;ppbp;266
1292;ppp;ppy;267
1293;ppy;ppy;267
1294;prf1;prf1;268
1295;prionprotein;prnp;270
1296;prl;prl;269
1297;prnp;prnp;270
1298;prnpprionprotein;prnp;270
1299;proc;proc;271
1300;progranulinpgrn;grn;124
1301;prolactin;prl;269
1302;proliferatingcellnuclearantigena;pcna;251
1303;properdin;cfp;259
1304;proproteinconvertase9pcsk9;pcsk9;486
1305;proteinspros1;pros1;272
1306;proteinase3myeloblastinprtn3;prtn3;274
1307;proteinase3myeloblastin;prtn3;274
1308;proteinase3prtn3;prtn3;274
1309;psa;pros1;272
1310;psafree;pros1;272
1311;psatotal;pros1;272
1312;pselectincd62p;selp;323
1313;ptau;mapt;209
1314;ptauthr181;mapt;209
1315;thr181;mapt;209
1316;pth;pth;276
1317;ptx3;ptx3;277
1318;pvrcd155;pvr;278
1319;pyy;pyy;275
1320;pyytotal;pyy;275
1321;raet1g;raet1g;491
1322;raet1l;raet1l;481
1323;rageager;ager;5
1324;rantesccl5;rantes;295
1325;rarres2;rarres2;280
1326;rbp4retinolbindingprotein4;rbp4;281
1328;reg3a;reg3a;249
1329;relaxin2;rln2;283
1330;ren;ren;282
1331;renin;ren;282
1332;resistin;retn;456
1333;retn;retn;456
1334;rln2;rln2;283
1335;rnpribonucleoprotein;rnpc3;453
1336;rnpsmithrnpsm;rnpc3;453
1337;rnpsmith;rnpc3;453
1338;smithrnpsmrnp;rnpc3;453
1339;rnpc3;rnpc3;453
1340;robo4;robo4;452
1341;s100a8;s100a8;284
1342;s100a9;s100a9;285
1343;s100b;s100b;287
1344;saa;saa1;288
1345;saxl;axl;32
1346;sblasjÃƒÂ¶grenssyndromerelatedantigenbla;ssb;333
1347;scd13741bb;tnfrsf9;181
1348;scd13741bbtnfrsf9;tnfrsf9;181
1349;scd146;mcam;212
1350;scd14;cd14;51
1351;scd30;tnfrsf8;56
1352;scd31specam1;pecam1;256
1353;scd40l;cd40lg;58
1354;scfckitligand;kitlg;217
1355;scgfclec11a;clec11a;290
1356;sckitsstemcellfactorreceptorscfr;kit;191
1357;sckitsstemcellfactorreceptor;kit;191
1358;ckitstemcellfactorreceptorscfr;kit;191
1359;sclerostinsost;sost;445
1360;clerostin;sost;445
1361;clerostinsost;sost;445
1362;sdc1;sdc1;317
1363;sdc4;sdc4;318
1364;sdf1cxcl12;cxcl12;319
1365;cxcl12sdf1;cxcl12;319
1366;sdf1alpha;cxcl12;319
1367;sdh;sdhc;320
1368;sdhc;sdhc;320
1369;seselectin;sele;321
1370;selectine;sele;321
1371;segfrsher1erbb1;egfr;90
1373;segfrsher1serbb1;egfr;90
1374;egfr2;erbb2;97
1375;sele;sele;321
1376;sell;sell;322
1377;selp;selp;323
1378;serbb2;erbb2;97
1379;serpina10zpi;serpina10;447
1380;serpina12;serpina12;478
1381;serpina4kallistatin;serpina4;262
1382;serpina7tbg;serpina7;336
1383;serpinb3scca1;serpinb3;289
1384;serpinc1antithrombiniii;serpinc1;31
1385;serpine1pai1;serpine1;248
1386;serpinf1pedf;serpinf1;257
1387;serpina1;serpina1;261
1388;serpinci;serpinc1;31
1389;serumamyloida;saa1;288
1390;serumamyloidp;apcs;17
1391;serumamyloidpsap;apcs;17
1392;saa1;saa1;288
1393;sexhormonebindingglobulin;shbg;325
1394;sexhormonebindingglobulinshbg;shbg;325
1395;sfastnfrsf6;fas;28
1396;sfasl;fasl;29
1397;sftpd;sftpd;324
1398;sgp130;il6st;170
1399;shbg;shbg;325
1400;sher2segfr2;erbb2;97
1401;sher3segfr3serbb3;erbb3;98
1402;shgfrscmet;met;215
1403;sicam1;icam1;141
1404;siglec7;siglec7;587
1405;siglec9;siglec9;435
1406;sil1r1;il1r1;160
1407;sil1r2;il1r2;374
1408;sil1ri;il1r1;160
1409;sil1rii;il1r2;374
1410;sil2ra;il2ra;163
1411;sil2rÃŽÂ±;il2ra;163
1412;sil4r;il4r;166
1413;sil6r;il6r;169
1414;sil6ra;il6r;169
1415;sil6rÃŽÂ±;il6r;169
1416;slpi;slpi;326
1417;sls;sell;322
1418;slselectin;sell;322
1419;snca;snca;327
1420;sncam;ncam1;235
1421;sneuropilin1;vegf165r;392
1422;sneuropilin1snrp1;vegf165r;392
1423;sod1;sod1;328
1424;sod2;sod2;329
1425;solublesuperoxidedismutase1ssod1;sod1;328
1426;solublesuperoxidedismutase1;sod1;328
1427;solublesuperoxidedismutase2ssod2;sod2;329
1428;solublesuperoxidedismutase2;sod2;329
1429;sostsclerostin;sost;445
1430;sox2;sox2;330
1431;spd;sftpd;324
1432;spp1;eta1;332
1433;sps;selp;323
1434;spselectin;selp;323
1435;srage;ager;5
1436;ÃƒÅ¸2glycoprotein;apoh;25
1437;ssb;ssb;333
1438;ssd1;sod1;328
1439;ssd2;sod2;329
1440;st2il33r;il1rl1;395
1441;stanniocalcin1stc1;stc1;334
1442;stie2;stie2;338
1443;stnfri;tnfrsf1a;358
1444;stnfrii;tnfrsf1b;359
1445;stnfr1;tnfrsf1a;358
1446;stnfr2;tnfrsf1b;359
1447;subp;tac1;335
1448;substancep;tac1;335
1449;supar;plaur;264
1450;superoxidedismutase1;sod1;328
1451;superoxidedismutase2;sod2;329
1452;survivinbirc5;birc5;18
1453;svcam1;vcam1;369
1454;svegfr1sflt1;flt1;110
1455;svegfr2skdrsflk1;kdr;190
1456;svegfr3sflt4;flt4;112
1457;syndecan1cd138;sdc1;317
1458;syndecan4;sdc4;318
1459;synucleinalpha;snca;327
1460;tac1;tac1;335
1461;tacitnfrsf13b;tnfrsf13b;426
1462;tarcccl17;ccl17;303
1463;tau;mapt;209
1464;tautotal;mapt;209
1465;tdgf1;tdgf1;337
1466;tek;stie2;338
1467;tenascinc;tnc;139
1468;tenascinctnc;tnc;139
1469;tf;f3;99
1470;tff3;tff3;339
1471;tfpi;tfpi;340
1472;tfrtransferrinr;tfrc;341
1473;tfrc;tfrc;341
1474;tg2;tgm2;346
1475;tgfa;tgfa;342
1476;tgfalpha;tgfa;342
1477;tgfb1;tgfb1;343
1478;tgfb2;tgfb2;344
1479;tgfb3;tgfb3;345
1480;tgfbeta1;tgfb1;343
1481;tgfbeta2;tgfb2;344
1482;tgfbeta3;tgfb3;345
1483;tgfÃŽÂ±;tgfa;342
1484;tgfÃŽÂ²1;tgfb1;343
1485;tgfÃŽÂ²2;tgfb2;344
1486;tgfÃŽÂ²3;tgfb3;345
1487;tgm2;tgm2;346
1488;thbd;thbd;347
1489;thbs1;thbs1;348
1490;thbs2;thbs2;349
1491;thpo;thpo;350
1492;thrombomodulinbdca3;thbd;347
1493;thrombopoietintpo;thpo;350
1494;thrombospondin1;thbs1;348
1495;thrombospondin2;thbs2;349
1496;thrombospondin1tsp1;thbs1;348
1497;tsp1;thbs1;348
1498;thrombospondin2tsp2;thbs2;349
1499;tsp2;thbs2;349
1500;thymidinekinase1;tk1;355
1501;tie2;stie2;338
1502;tim1kim1havcr;havcr1;431
1503;tim3;havcr2;471
1504;timp1;timp1;351
1505;timp2;timp2;352
1506;timp3;timp3;353
1507;timp4;timp4;354
1508;tissuefactortf;f3;99
1509;tk1;tk1;355
1510;tlr2;tlr2;356
1511;tm;thbd;347
1512;tnc;tnc;139
1513;tnfritnfrsf1a;tnfrsf1a;358
1514;tnfriitnfrsf1b;tnfrsf1b;359
1515;tnfa;tnf;357
1516;tnfb;lta;205
1517;tnfalpha;tnf;357
1518;tnfÃŽÂ±;tnf;357
1519;tnfrsf14;tnfrsf14;387
1520;tnfrsf4;tnfrsf4;365
1521;tnfsf12;tnfsf12;384
1522;tnfsf18;tnfsf18;394
1523;tnfÃŽÂ²lymphotoxinÃŽÂ±lta;lta;205
1524;tnfÃŽÂ²lymphotoxinÃŽÂ±;lta;205
1525;tnfÃŽÂ²lta;lta;205
1526;tni;tnni3;360
1527;tnni3;tnni3;360
1528;tnnt2;tnnt2;361
1529;tnt;tnnt2;361
1530;totalinhibin;inha;185
1531;tp53;tp53;362
1532;tpo;tpo;363
1533;tracppapacp5;acp5;2
1534;trailr2tnfrsf10b;tnfrsf10b;391
1535;trailr3tnfrsf10c;tnfrsf10c;390
1536;trailtnfsf10;tnfsf10;385
1537;trancetnfsf11rankl;tnfsf11;379
1538;transglutaminase2;tgm2;346
1539;transglutaminase2tgm2;tgm2;346
1540;trap5;acp5;2
1541;trem1;trem1;451
1542;trem2;trem2;450
1543;tropi;tnni3;360
1544;tropt;tnnt2;361
1545;troponini;tnni3;360
1546;troponinitni;tnni3;360
1547;troponint;tnnt2;361
1548;troponinttnt;tnnt2;361
1549;ts1;thbs1;348
1550;ts2;thbs2;349
1551;tsha;cga;67
1552;tsh;tshr;364
1553;tshr;tshr;364
1554;tslp;tslp;472
1555;tweak;tnfsf12;384
1556;txlna;txlna;483
1557;uchl1pgp9.5;uchl1;366
1558;ucmgp;mgp;218
1559;ulbp1;ulbp1;465
1560;ulbp2;ulbp2;464
1561;ulbp3;ulbp3;461
1562;ulbp4raet1e;raet1e;477
1563;ulbp5;raet1g;491
1564;ulbp6;raet1l;481
1565;umod;umod;368
1566;upar;plau;263
1567;uplasminogenactivatorupaurokinase;plau;263
1568;uromodulin;umod;368
1569;uteroglobinscgb1a1;scgb1a1;367
1570;vap1aoc3;aoc3;380
1571;vcam1cd106;vcam1;369
1572;vdbp;gc;115
1573;vegf;vegfa;370
1574;vegfa;vegfa;370
1575;vegfc;vegfc;371
1576;vegfd;vegfd;109
1577;vegfalpha;vegfa;370
1578;vegfr1flt1;flt1;110
1579;vegfr2kdrflk1;kdr;190
1580;vegfr3flt4;flt4;112
1581;vitamindbindingprotein;gc;115
1582;vitamindbp;gc;115
1583;vsir;vsir;459
1584;vwf;vwf;372
1585;vwfa2;vwf;372
1586;xcl1lymphotactin;xcl1;315
1587;xrcc5;xrcc5;373
1588;ykl40chi3l1;chi3l1;69
1589;ÃŽÂ±1acidglycoproteinagp;orm1;245
1590;ÃŽÂ±1acidglycoprotein;orm1;245
1591;ÃŽÂ±1antitrypsina1at;serpina1;261
1592;ÃŽÂ±1microglobulin;ambp;13
1593;ÃŽÂ±2macroglobulin;a2m;1
1594;ÃŽÂ±fetoproteinafp;afp;3
1595;ÃŽÂ±fetoprotein;afp;3
1596;ÃŽÂ±msh;alphamsh;496
1597;ÃŽÂ±synuclein;snca;327
1598;ÃŽÂ±taxilin;txlna;483
1599;ÃŽÂ²2microglobulin;b2m;33
1600;fh;fh;508
1601;tubgcp2;tubgcp2;510
1603;snapin;snapin;559
1604;snapassociatedprotein;snapin;559
1605;lamp1;lamp1;560
1606;lysosomalassociatedmembraneprotein1;lamp1;560
1607;atrialnatriureticpeptide;anp;499
1608;anp;anp;499
1609;pm;pm;530
1610;sci100;pm;530
1620;alanyltrnasynthetase;pl12;546
1621;atrialnatriureticpeptideanp;anp;499
1622;bendorphin;bendorphin;509
1623;betaendorphin;bendorphin;509
1624;ca199;ca199;552
1625;ckmb;ckmb;553
1626;cortisol;cortisol;503
1627;ddimer;ddimer;556
1628;estradiol;estradiol;506
1630;fibrinogen;fibrinogen;511
1631;factori;fibrinogen;511
1632;fibalpha;fibrinogen;511
1633;iga;iga;513
1635;ige;ige;514
1637;igg1;igg1;515
1638;igg2;igg2;516
1639;igg3;igg3;517
1640;igg4;igg4;518
1641;igm;igm;519
1642;il35;il35;574
1643;jo1;jo1;575
1644;keratin1;10;#N/A
1645;keratin110;keratin110;525
1646;melatonin;melatonin;526
1647;mi2;mi2;578
1648;oxytocin;oxytocin;528
1650;pl12;pl12;529
1651;pl12alanyltrnasynthetase;pl12;529
1652;pmsci100;pm;530
1653;procalcitonin;procalcitonin;531
1654;progesterone;progesterone;532
1655;ribosomalp;rprnp;533
1656;ribosomalprnp;rprnp;533
1657;ro52sjogrenantigen;ssaro52;550
1658;ro52sjogrenantigen;ssaro52;551
1659;ro60sjogrenantigen;ssaro60;548
1660;ro60sjogrenantigen;ssaro60;549
1661;rprnp;rprnp;584
1662;scl70;scl70;585
1664;antiscl70;scl70;585
1666;sm;sm;536
1669;ssaro52;ro52;548
;ro52;ro52;548
1670;ssaro60;ro60;550
1671;t3;t3;538
1673;t4;t4;539
1675;testosterone;testosterone;540
1677;ulbp256;ulbp256;542
1678;ÃŽÂ²endorphin;bendorphin;509
1679;fd;fd;561
1680;ferredoxin;fd;561
1681;fi;fi;562
1682;ft;ft;512
1683;complementc4;c4a;43
1684;complementfactorb;cfb;36
1685;apoal;apoa1;19
1686;apoclll;apoc3;563
1687;complementc1q;c1qa;40
1688;complementc3bic3b;c3;42
1689;interferongamma;ifng;146
1690;ifg;ifng;146
;serumamyloida1;saa1;288
;serumamyloidai;saa1;288
;saai;saa1;288
;a2md;a2m;1
;cpamd5;a2m;1
;pig4;saa1;288
;saa2;saa1;288
;tp5314;saa1;288
;ptx1;crp;75
;at3d;serpinc1;31
;atiii;serpinc1;31
;thph7;serpinc1;31
;at3r2;serpinc1;31
;atiiir2;serpinc1;31
;at3t1;serpinc1;31
;atiiit1;serpinc1;31
;at3t2;serpinc1;31
;atiiit2;serpinc1;31
;scya3;ccl3;293
;g0s191;ccl3;293
;ld78alpha;ccl3;293
;urbwd;ecm1;87
;ptx2;apcs;17
;hels92n;apcs;17
;bp;hp;135
;hpa1s;hp;135
;hp2alpha2;hp;135
;apo;apoa1;19
;apoa;apoa1;19
;hpalp2;apoa1;19
;hf;cfh;130
;hf1;cfh;130
;hf2;cfh;130
;hus;cfh;130
;fhl1;cfh;130
;ahus1;cfh;130
;ambp1;cfh;130
;armd4;cfh;130
;arms1;cfh;130
;cfhl3;cfh;130
;imd3;cd40lg;58
;trap;cd40lg;58
;gp39;cd40lg;58
;cd154;cd40lg;58
;higm1;cd40lg;58
;tbam;cd40lg;58
;hcd40l;cd40lg;58
;irh;cxcl12;319
;pbsf;cxcl12;319
;tlsf;cxcl12;319
;tpar1;cxcl12;319
;scyb12;cxcl12;319
;fgfb;fgf2;106
;hbgf2;fgf2;106
;p500;ccl1;291
;sise;ccl1;291
;scya1;ccl1;291
;il1;il1b;159
;p35;il12a;176
;clmf;il12a;176
;nfsk;il12a;176
;nksf1;il12a;176
;il12a;il12a;176
;interleukin12a;il12a;176
;interleukin15;il15;179
;cdf;il6;168
;hsf;il6;168
;bsf2;il6;168
;ifnb2;il6;168
;ifnbeta2;il6;168
;interleukin6;il6;168
;lt;lta;205
;tnfsf1;lta;205
;tnlg1e;lta;205
;act2;ccl4;294
;g26;ccl4;294
;hc21;ccl4;294
;lag1;ccl4;294
;scya2;ccl4;294
;scya4;ccl4;294
;mip1b1;ccl4;294
;at7441;ccl4;294
;ccmotifchemokineligand4;ccl4;294
;c7;cxcl10;186
;ifi10;cxcl10;186
;inp10;cxcl10;186
;mob1;cxcl10;186
;scyb10;cxcl10;186
;gip10;cxcl10;186
;cxcmotifchemokineligand10;cxcl10;186
;scyb5;cxcl5;314
;cxcmotifchemokineligand5;cxcl5;314
;pdf;gdf15;399
;mic1;gdf15;399
;plab;gdf15;399
;nag1;gdf15;399
;ptgfb;gdf15;399
;growthdifferentiationfactor15;gdf15;399
;ifi;ifng;146
;imd69;ifng;146
;ifngr;ifngr1;147
;imd27a;ifngr1;147
;imd27b;ifngr1;147
;interferongammareceptor1;ifngr1;147
;csif;il10;174
;tgif;il10;174
;gvhds;il10;174
;il10a;il10;174
;interleukin10;il10;174
;p600;il13;178
;interleukin13;il13;178
;tifa;il22;444
;iltif;il22;444
;ild110;il22;444
;zcyto18;il22;444
;tifil23;il22;444
;interleukin22;il22;444
;interleukin7;il7;171
;abcd1;ccl22;308
;scya22;ccl22;308
;stcp1;ccl22;308
;dcbck;ccl22;308
;a152e51;ccl22;308
;ccmotifchemokineligand22;ccl22;308
;;;
;;;
;;;
;clg;mmp1;222
;clgn;mmp1;222
;matrixmetallopeptidase1;mmp1;222
;dif;tnf;357
;tnfsf2;tnf;357
;tnlg1f;tnf;357
;tumornecrosisfactor;tnf;357
;ccmotifchemokineligand3;ccl3;293
;p50;cd40;57
;bp50;cd40;57
;cdw40;cd40;57
;cd40molecule;cd40;57
;il6q;il6r;169
;gp80;il6r;169
;cd126;il6r;169
;hies5;il6r;169
;il6rq;il6r;169
;il6qtl;il6r;169
;il6r1;il6r;169
;interleukin6receptor;il6r;169
;cc1;ccl14;300
;cc3;ccl14;300
;ckb1;ccl14;300
;mcif;ccl14;300
;ncc2;ccl14;300
;sy14;ccl14;300
;scyl2;ccl14;300
;scya14;ccl14;300
;hcc1174;ccl14;300
;hcc1hcc3;ccl14;300
;hcc1hcc3ccl14;ccl14;300
;hcc1ccl14;ccl14;300
;hcc3ccl14;ccl14;300
;hcc3ccl14hcc1;ccl14;300
;hcc3hcc1;ccl14;300
;ccmotifchemokineligand14;ccl14;300
;ftl;ftl;507
;lftd;ftl;507
;nbia3;ftl;507
;ferritinlightchain;ftl;507
;mip4parc;ccl18;304
;mip4ccl18;ccl18;304
;mip4ccl18parc;ccl18;304
;ccl18parcmip4;ccl18;304
;ccl18mip4parc;ccl18;304
;ccl18mip4;ccl18;304
;parcccl18mip4;ccl18;304
;parcmip4ccl18;ccl18;304
;parcccl18;ccl18;304
;parcmip4;ccl18;304
;ckb7;ccl18;304
;amac1;ccl18;304
;dcck1;ccl18;304
;scya18;ccl18;304
;ccmotifchemokineligand18;ccl18;304
;gelb;mmp9;227
;clg4b;mmp9;227
;mandp2;mmp9;227
;matrixmetallopeptidase9;mmp9;227
;cmk;cxcl9;221
;humig;cxcl9;221
;scyb9;cxcl9;221
;crg10;cxcl9;221
;cxcmotifchemokineligand9;cxcl9;221
;cd56ncam1;ncam1;235
;msk39;ncam1;235
;neuralcelladhesionmolecule1;ncam1;235
;vpf;vegfa;370
;mvcd1;vegfa;370
;vascularendothelialgrowthfactora;vegfa;370
;tfga;tgfa;342
;transforminggrowthfactoralpha;tgfa;342
;angie;cxcl13;411
;blr1l;cxcl13;411
;angie2;cxcl13;411
;scyb13;cxcl13;411
;cxcmotifchemokineligand13;cxcl13;411
;kec;cxcl14;400
;ks1;cxcl14;400
;bmac;cxcl14;400
;njac;cxcl14;400
;mip2g;cxcl14;400
;scyb14;cxcl14;400
;cxcmotifchemokineligand14;cxcl14;400
;erbb;egfr;90
;errp;egfr;90
;her1;egfr;90
;mena;egfr;90
;pig61;egfr;90
;nisbd2;egfr;90
;epidermalgrowthfactorreceptor;egfr;90
;ltn;xcl1;315
;atac;xcl1;315
;lptn;xcl1;315
;scm1;xcl1;315
;scyc1;xcl1;315
;scm1a;xcl1;315
;xcmotifchemokineligand1;xcl1;315
;za11;il21;458
;cvid11;il21;458
;interleukin 21;il21;458
;ro60;ro60;550
;ml;thpo;350
;mgdf;thpo;350
;mkcsf;thpo;350
;mpllg;thpo;350
;thcyt1;thpo;350
;msa;tpo;363
;tpx;tpo;363
;tdh2a;tpo;363
;thyroidperoxidase;tpo;363
;n2dl2;ulbp2;464
;raet1h;ulbp2;464
;nkg2dl2;ulbp2;464
;alcanalpha;ulbp2;464
;ul16bindingprotein2;ulbp2;464
;c5ar;c5ar1;46
;c5r1;c5ar1;46
;cd88;c5ar1;46
;complementc5areceptor1;c5ar1;46
;c5d;c5;45
;c5b;c5;45
;eclzb;c5;45
;cpamd4;c5;45
;hemcam;mcam;212
;metcam;mcam;212
;melcam;mcam;212
;melanomacelladhesionmolecule;mcam;212
;cd14molecule;cd14;51
;cka3;cxcl6;312
;scyb6;cxcl6;312
;cxcmotifchemokineligand6;cxcl6;312
;alp4;tubgcp2;510
;spc97;tubgcp2;510
;h103p;tubgcp2;510
;hgcp2;tubgcp2;510
;spbc97;tubgcp2;510
;spc97p;tubgcp2;510
;hspc97;tubgcp2;510
;grip103;tubgcp2;510
;pamddfs;tubgcp2;510
;tubulingammacomplexassociatedprotein2;tubgcp2;510
;mcl;fh;508
;fmrd;fh;508
;hsfh;fh;508
;lrcc;fh;508
;hlrcc;fh;508
;mcul1;fh;508
;fumaratehydratase;fh;508
;sf;hgf;131
;hgfb;hgf;131
;hpta;hgf;131
;ftcf;hgf;131
;dfnb39;hgf;131
;hepatocytegrowthfactor;hgf;131
;dira;il1rn;161
;irap;il1rn;161
;mvcd4;il1rn;161
;il1ra3;il1rn;161
;icil1ra;il1rn;161
;interleukin1receptorantagonist;il1rn;161
;dvs27;il33;473
;il1f11;il33;473
;nfehev;il33;473
;c9orf26;il33;473
;interleukin33;il33;473
;p19;il23a;448
;sgrf;il23a;448
;il23p19;il23a;448
;interleukin23subunitalpha;il23a;448
;aps;klk3;27
;hk3;klk3;27
;klk2a1;klk3;27
;kallikreinrelatedpeptidase3;klk3;27
;c5r;c5ar1;46
;c5a;c5ar1;46
